"GalCV";"NGalNm";"FGalNm";"Amb";"Hosp"
"00009";"amp.";"amp.";true;true
"00047";"amp. (lokaal)";"amp. (local)";true;true
"00010";"amp. (oraal)";"amp. (oral)";true;true
"00014";"amp. Acutard i.m.";"amp. Acutard i.m.";true;true
"00016";"amp. Decanoas i.m. (depotpreparaat)";"amp. Decanoas i.m. (préparation dépôt)";true;true
"00017";"amp. Depot i.m. (depotpreparaat)";"amp. Depot i.m. (préparation dépôt)";true;true
"00508";"amp. Forte i.v. - inf. - epiduraal";"amp. Forte i.v. - perf. - péridural";true;true
"00026";"amp. i.m.";"amp. i.m.";true;true
"00027";"amp. i.m. - i.v.";"amp. i.m. - i.v.";true;true
"00029";"amp. i.m. - i.v. - in situ";"amp. i.m. - i.v. - in situ";true;true
"00030";"amp. i.m. - i.v. - inf.";"amp. i.m. - i.v. - perf.";true;true
"00575";"amp. i.m. - i.v. - inf. - rectaal";"amp. i.m. - i.v. - perf. - rectal";true;true
"00032";"amp. i.m. - i.v. - inf. - s.c.";"amp. i.m. - i.v. - perf. - s.c.";true;true
"00028";"amp. i.m. - i.v. - inhal.";"amp. i.m. - i.v. - inhal.";true;true
"00610";"amp. i.m. - i.v. - oraal";"amp. i.m. - i.v. - oral";true;true
"00035";"amp. i.m. - i.v. - s.c.";"amp. i.m. - i.v. - s.c.";true;true
"00521";"amp. i.m. - i.v. - s.c. - i.thecaal - epiduraal";"amp. i.m. - i.v. - s.c. - i.thécal - péridural";true;true
"00038";"amp. i.m. - inf.";"amp. i.m. - perf.";true;true
"00039";"amp. i.m. - s.c.";"amp. i.m. - s.c.";true;true
"00041";"amp. i.thecaal";"amp. i.thécal";true;true
"00042";"amp. i.v.";"amp. i.v.";true;true
"00043";"amp. i.v. - inf.";"amp. i.v. - perf.";true;true
"00507";"amp. i.v. - inf. - epiduraal";"amp. i.v. - perf. - péridural";true;true
"00045";"amp. i.v. - inf. - s.c.";"amp. i.v. - perf. - s.c.";true;true
"00594";"amp. in situ";"amp. in situ";true;true
"00049";"amp. inf.";"amp. perf.";true;true
"00050";"amp. inf. Kind";"amp. perf. Enfant";true;true
"00051";"amp. inf. Volw.";"amp. perf. Adulte";true;true
"00504";"amp. locoregionale infiltr. - epiduraal";"amp. infiltr. locorégionale - péridural";true;true
"00502";"amp. locoregionale infiltr. - i.thecaal - epiduraal";"amp. infiltr. locorégionale - i.thécal - péridural";true;true
"00021";"amp. Paediatric i.m. - i.v. - oraal";"amp. Paediatric i.m. - i.v. - oral";true;true
"00053";"amp. s.c.";"amp. s.c.";true;true
"00024";"amp. voor verneveling";"amp. pour nébuliseur";true;true
"00065";"bruiscompr.";"compr. efferv.";true;true
"00066";"bruiscompr. (deelb.)";"compr. efferv. (séc.)";true;true
"00067";"bruiscompr. Dryfiz (deelb.)";"compr. efferv. Dryfiz (séc.)";true;true
"00068";"bruiscompr. Forte";"compr. efferv. Forte";true;true
"00464";"bruiscompr. Forte (deelb.)";"compr. efferv. Forte (séc.)";true;true
"00070";"bruiscompr. Soluble";"compr. efferv. Soluble";true;true
"00072";"bruisgran. (zakjes)";"gran. efferv. (sach.)";true;true
"00073";"bruisgran. Forte (zakjes)";"gran. efferv. Forte (sach.)";true;true
"00515";"bruispoeder (zakjes)";"poudre efferv. (sach.)";true;true
"00075";"caps.";"caps.";true;true
"00077";"caps. (maagsapresist.)";"caps. (gastro-résist.)";true;true
"00078";"caps. (oraal)";"caps. (oral)";true;true
"00081";"caps. (vertraagde vrijst.)";"caps. (lib. prolongée)";true;true
"00551";"caps. Diffucaps (vertraagde vrijst.)";"caps. Diffucaps (lib. prolongée)";true;true
"00084";"caps. EC (maagsapresist.)";"caps. EC (gastro-résist.)";true;true
"00085";"caps. Exel (vertraagde vrijst.)";"caps. Exel (lib. prolongée)";true;true
"00779";"caps. Fastcaps";"caps. Fastcaps";true;false
"00086";"caps. Forte";"caps. Forte";true;true
"00668";"caps. HBS (vertraagde vrijst.)";"caps. HBS (lib. prolongée)";true;true
"00582";"caps. Immediate Release";"caps. Immediate Release";true;true
"00089";"caps. Kind";"caps. Enfant";true;true
"00090";"caps. L.A. (vertraagde vrijst.)";"caps. L.A. (lib. prolongée)";true;true
"00091";"caps. Lidose";"caps. Lidose";true;true
"00565";"caps. Modified Release (vertraagde vrijst.)";"caps. Modified Release (lib. prolongée)";true;true
"00093";"caps. P (vertraagde vrijst.)";"caps. P (lib. prolongée)";true;true
"00095";"caps. Retard (vertraagde vrijst.)";"caps. Retard (lib. prolongée)";true;true
"00096";"caps. Retard GE (vertraagde vrijst.)";"caps. Retard GE (lib. prolongée)";true;true
"00547";"caps. Slow Release (vertraagde vrijst.)";"caps. Slow Release (lib. prolongée)";true;true
"00099";"caps. vag.";"caps. vag.";true;true
"00098";"caps. Volw.";"caps. Adulte";true;true
"00111";"compr.";"compr.";true;true
"00112";"compr. (deelb.)";"compr. (séc.)";true;true
"00114";"compr. (deelb.) Volw.";"compr. (séc.) Adulte";true;true
"00117";"compr. (disp.)";"compr. (disp.)";true;true
"00526";"compr. (disp., deelb.)";"compr. (disp., séc.)";true;true
"00118";"compr. (dubbele laag, deelb.)";"compr. (double couche, séc.)";true;true
"00120";"compr. (maagsapresist.)";"compr. (gastro-résist.)";true;true
"00630";"compr. (muco-adhesief)";"compr. (muco-adhésif)";true;true
"00123";"compr. (oplosb.)";"compr. (sol.)";true;true
"00115";"compr. (oplosb., deelb.)";"compr. (sol., séc.)";true;true
"00125";"compr. (oraal, deelb.)";"compr. (oral, séc.)";true;true
"00535";"compr. (orodisp.)";"compr. (orodisp.)";true;true
"00534";"compr. (orodisp., deelb.)";"compr. (orodisp., séc.)";true;true
"00126";"compr. (subling. en oraal, deelb.)";"compr. (subling. et oral, séc.)";true;true
"00127";"compr. (subling.)";"compr. (subling.)";true;true
"00128";"compr. (subling., deelb.)";"compr. (subling., séc.)";true;true
"00446";"compr. (vag.)";"compr. (vag.)";true;true
"00129";"compr. (vertraagde vrijst.)";"compr. (lib. prolongée)";true;true
"00116";"compr. (vertraagde vrijst., deelb.)";"compr. (lib. prolongée, séc.)";true;true
"00131";"compr. + oploss. (oraal)";"compr. + sol. (oral)";true;true
"00759";"compr. 300 (vertraagde vrijst., deelb.)";"compr. 300 (lib. prolongée, séc.)";true;false
"00752";"compr. 500 (vertraagde vrijst., deelb.)";"compr. 500 (lib. prolongée, séc.)";true;false
"00663";"compr. Besilaat (deelb.)";"compr. Besilaat (séc.)";true;true
"00715";"compr. Besilate";"compr. Besilate";true;false
"00713";"compr. Besilate (deelb.)";"compr. Besilate (séc.)";true;false
"00751";"compr. Chrono 300 (vertraagde vrijst., deelb.)";"compr. Chrono 300 (lib. prolongée, séc.)";true;false
"00753";"compr. Chrono 500 (vertraagde vrijst., deelb.)";"compr. Chrono 500 (lib. prolongée, séc.)";true;false
"00136";"compr. Conti";"compr. Conti";true;true
"00133";"compr. CR (vertraagde vrijst., deelb.)";"compr. CR (lib. prolongée, séc.)";true;true
"00137";"compr. D";"compr. D";true;true
"00140";"compr. Disp. (oplosb., deelb.)";"compr. Disp. (sol., séc.)";true;true
"00524";"compr. Divule (deelb.)";"compr. Divule (séc.)";true;true
"00143";"compr. E.C. (maagsapresist.)";"compr. E.C. (gastro-résist.)";true;true
"00144";"compr. Enema voor lavement";"compr. Enema pour lavement";true;true
"00756";"compr. Enteric (maagsapresist.)";"compr. Enteric (gastro-résist.)";true;false
"00603";"compr. Enteric Coated (maagsapresist.)";"compr. Enteric Coated (gastro-résist.)";true;true
"00479";"compr. Exel (vertraagde vrijst.)";"compr. Exel (lib. prolongée)";true;true
"00148";"compr. Forte";"compr. Forte";true;true
"00149";"compr. Forte (deelb.)";"compr. Forte (séc.)";true;true
"00150";"compr. GE";"compr. GE";true;true
"00612";"compr. Instant (disp.)";"compr. Instant (disp.)";true;true
"00151";"compr. Instant (orodisp.)";"compr. Instant (orodisp.)";true;true
"00564";"compr. Instasolv (orodisp.)";"compr. Instasolv (orodisp.)";true;true
"00489";"compr. Junior";"compr. Junior";true;true
"00716";"compr. Kinderen";"compr. Enfants";true;false
"00152";"compr. L.A. (vertraagde vrijst., deelb.)";"compr. L.A. (lib. prolongée, séc.)";true;true
"00153";"compr. Lyo (orodisp.)";"compr. Lyo (orodisp.)";true;true
"00586";"compr. Lyotabs (orodisp.)";"compr. Lyotabs (orodisp.)";true;true
"00156";"compr. Minor (deelb.)";"compr. Minor (séc.)";true;true
"00157";"compr. Mitis";"compr. Mitis";true;true
"00158";"compr. Mitis (deelb.)";"compr. Mitis (séc.)";true;true
"00600";"compr. Ocas (vertraagde vrijst.)";"compr. Ocas (lib. prolongée)";true;true
"00160";"compr. Odis (orodisp.)";"compr. Odis (orodisp.)";true;true
"00161";"compr. Once Daily (vertraagde vrijst.)";"compr. Once Daily (lib. prolongée)";true;true
"00162";"compr. Oros (vertraagde vrijst.)";"compr. Oros (lib. prolongée)";true;true
"00375";"compr. Repetabs (vertraagde vrijst.)";"compr. Repetabs (lib. prolongée)";true;true
"00165";"compr. Retard (vertraagde vrijst.)";"compr. Retard (lib. prolongée)";true;true
"00163";"compr. Retard (vertraagde vrijst., deelb.)";"compr. Retard (lib. prolongée, séc.)";true;true
"00757";"compr. Retard 300 (vertraagde vrijst., deelb.)";"compr. Retard 300 (lib. prolongée, séc.)";true;false
"00758";"compr. Retard 500 (vertraagde vrijst., deelb.)";"compr. Retard 500 (lib. prolongée, séc.)";true;false
"00166";"compr. Slow (vertraagde vrijst., deelb.)";"compr. Slow (lib. prolongée, séc.)";true;true
"00543";"compr. SolTab (orodisp.)";"compr. SolTab (orodisp.)";true;true
"00548";"compr. Solutab (disp.)";"compr. Solutab (disp.)";true;true
"00537";"compr. Solutab (oplosb., deelb.)";"compr. Solutab (sol., séc.)";true;true
"00628";"compr. Starter Pack";"compr. Starter Pack";true;true
"00578";"compr. Starter-Pack (disp.)";"compr. Starter-Pack (disp.)";true;true
"00170";"compr. Uno (vertraagde vrijst.)";"compr. Uno (lib. prolongée)";true;true
"00490";"compr. Velotab (orodisp.)";"compr. Velotab (orodisp.)";true;true
"00467";"compr. Wekelijks";"compr. Hebdomadaire";true;true
"00661";"compr. XR (vertraagde vrijst.)";"compr. XR (lib. prolongée)";true;true
"00175";"crème";"crème";true;true
"00447";"crème (vag.)";"crème (vag.)";true;true
"00177";"crème (zakjes)";"crème (sach.)";true;true
"00064";"crème Balsem";"crème Baume";true;true
"00178";"crème Labialis";"crème Labialis";true;true
"00184";"doseeraerosol";"aérosol doseur";true;true
"00665";"doseeraerosol (Evohaler)";"aérosol doseur Evohaler";true;true
"00472";"doseeraerosol HFA";"aérosol doseur HFA";true;true
"00186";"doseergel";"gel doseur";true;true
"00196";"druppels";"gttes";true;true
"00518";"druppels (nasaal, pro inst., inhal.)";"gttes (nasal, pro inst., inhal.)";true;true
"00680";"druppels (oog, oor, neus, pro inst.)";"gttes (opht., otique, nasal, pro inst.)";true;true
"00203";"emulsie";"émulsion";true;true
"00204";"emulsie Crelo";"émulsion Crelo";true;true
"00205";"flacon";"flacon";true;true
"00659";"flacon (lokaal)";"flacon (local)";true;true
"00614";"flacon (oraal)";"flacon (oral)";true;true
"00530";"flacon Bio-Set i.m.";"flacon Bio-Set i.m.";true;true
"00206";"flacon Chronodose i.m. - in situ";"flacon Chronodose i.m. - in situ";true;true
"00207";"flacon Cytosafe i.v. - inf.";"flacon Cytosafe i.v. - perf.";true;true
"00208";"flacon Cytosafe i.v. - inf. - i.thecaal - s.c.";"flacon Cytosafe i.v. - perf. - i.thécal - s.c.";true;true
"00539";"flacon CytoVial inf. - i.vesic.";"flacon CytoVial perf. - i.vésic.";true;true
"00209";"flacon Depot i.m.";"flacon Depot i.m.";true;true
"00221";"flacon endotracheaal";"flacon voie endotrachéale";true;true
"00631";"flacon i.arter.";"flacon i.artér.";true;true
"00223";"flacon i.cavern.";"flacon i.cavern.";true;true
"00224";"flacon i.derm.";"flacon i.derm.";true;true
"00225";"flacon i.m.";"flacon i.m.";true;true
"00227";"flacon i.m. - i.v.";"flacon i.m. - i.v.";true;true
"00229";"flacon i.m. - i.v. - inf.";"flacon i.m. - i.v. - perf.";true;true
"00509";"flacon i.m. - i.v. - inf. - i.arter. - i.thecaal";"flacon i.m. - i.v. - perf. - i.artér. - i.thécal";true;true
"00232";"flacon i.m. - i.v. - inf. - i.thecaal";"flacon i.m. - i.v. - perf. - i.thécal";true;true
"00499";"flacon i.m. - i.v. - instillatie";"flacon i.m. - i.v. - instillation";true;true
"00233";"flacon i.m. - i.v. - s.c.";"flacon i.m. - i.v. - s.c.";true;true
"00235";"flacon i.m. - in situ - rectaal";"flacon i.m. - in situ - rectal";true;true
"00236";"flacon i.m. - inf.";"flacon i.m. - perf.";true;true
"00566";"flacon i.m. - inf. - in situ";"flacon i.m. - perf. - in situ";true;true
"00237";"flacon i.m. - s.c.";"flacon i.m. - s.c.";true;true
"00488";"flacon i.m. + spuitamp. i.m.";"flacon i.m. + amp. ser. i.m.";true;true
"00618";"flacon i.thecaal";"flacon i.thécal";true;true
"00239";"flacon i.v.";"flacon i.v.";true;true
"00240";"flacon i.v. - (eventueel i.m.) - inf.";"flacon i.v. - (i.m. éventuellement) - perf.";true;true
"00241";"flacon i.v. - i.arter. - i.vesic.";"flacon i.v. - i.artér. - i.vésic.";true;true
"00243";"flacon i.v. - inf.";"flacon i.v. - perf.";true;true
"00244";"flacon i.v. - inf. - i.arter.";"flacon i.v. - perf. - i.artér.";true;true
"00616";"flacon i.v. - inf. - inhal.";"flacon i.v. - perf. - inhal.";true;true
"00506";"flacon i.v. - locoregionale infiltr. - epiduraal";"flacon i.v. - infiltr. locorégionale - péridural";true;true
"00248";"flacon i.v. - s.c.";"flacon i.v. - s.c.";true;true
"00249";"flacon i.vesic.";"flacon i.vésic.";true;true
"00250";"flacon in situ";"flacon in situ";true;true
"00251";"flacon inf.";"flacon perf.";true;true
"00252";"flacon inf. - i.vesic.";"flacon perf. - i.vésic.";true;true
"00254";"flacon inf. - s.c.";"flacon perf. - s.c.";true;true
"00503";"flacon locoregionale infiltr. - epiduraal";"flacon infiltr. locorégionale - péridural";true;true
"00211";"flacon L.A.R. i.m.";"flacon L.A.R. i.m.";true;true
"00584";"flacon Onco-Tain i.v. - inf.";"flacon Onco-Tain i.v. - perf.";true;true
"00720";"flacon Onco-Tain inf. - i.vesic.";"flacon Onco-Tain perf. - i.vésic.";true;false
"00213";"flacon P i.v. - inf.";"flacon P i.v. - perf.";true;true
"00214";"flacon P inf.";"flacon P perf.";true;true
"00215";"flacon P.R. i.m.";"flacon P.R. i.m.";true;true
"00258";"flacon s.c.";"flacon s.c.";true;true
"00259";"flacon s.c. - i.derm.";"flacon s.c. - i.derm.";true;true
"00260";"flacon s.c. - inf.";"flacon s.c. - perf.";true;true
"00622";"flacon Sodium i.m. - i.v.";"flacon Sodium i.m. - i.v.";true;true
"00623";"flacon Sodium i.v. - inf.";"flacon Sodium i.v. - perf.";true;true
"00173";"geïmpregneerd verbandgaas";"compresse imprégnée";true;true
"00174";"geïmpregneerd verbandgaas Intertulle";"compresse imprégnée Intertulle";true;true
"00263";"gel";"gel";true;true
"00656";"gel (dentaal)";"gel (dentaire)";true;true
"00632";"gel (intestinaal)";"gel (intestinal)";true;true
"00653";"gel (mond/keel)";"gel (bucco-pharyngé)";true;true
"00652";"gel (nasaal)";"gel (nasal)";true;true
"00265";"gel (oraal)";"gel (oral)";true;true
"00268";"gel (zakjes)";"gel (sach.)";true;true
"00627";"gel Dermgel";"gel Dermgel";true;true
"00695";"gel Forte";"gel Forte";true;true
"00692";"gel Hydro";"gel Hydro";true;true
"00271";"gelei";"gelée";true;true
"00468";"Genotonorm Pen 5,3 of 12";"Genotonorm Pen 5,3 ou 12";true;true
"00595";"Glaxopen";"Glaxopen";true;true
"00274";"gran.";"gran.";true;true
"00275";"gran. (zakjes)";"gran. (sach.)";true;true
"00276";"gran. (zakjes) Junior";"gran. (sach.) Junior";true;true
"00278";"gran. (zakjes, vertraagde vrijst.)";"gran. (sach., lib. prolongée)";true;false
"00690";"Humatrope Pen";"Humatrope Pen";true;true
"00282";"hypokit i.m. - i.v. - s.c.";"hypokit i.m. - i.v. - s.c.";true;true
"00497";"i.uterien systeem";"système i.utérin";true;true
"00285";"implantaat";"implant";true;true
"00286";"implantaat s.c.";"implant s.c.";true;true
"00288";"kauw- of zuigcompr.";"compr. à croquer ou à sucer";true;true
"00290";"kauw- of zuigcompr. (deelb.)";"compr. à croquer ou à sucer (séc.)";true;true
"00292";"kauwcompr.";"compr. à croquer";true;true
"00293";"kauwcompr. (deelb.)";"compr. à croquer (séc.)";true;true
"00664";"kauwcompr. Citroen";"compr. à croquer Citron";true;true
"00611";"kauwcompr. Munt";"compr. à croquer Menthe";true;true
"00294";"kauwgommen";"gommes à mâcher";true;true
"00624";"kauwgommen Freshmint";"gommes à mâcher Freshmint";true;true
"00460";"kauwgommen Fruit";"gommes à mâcher Fruit";true;true
"00295";"keten";"chaînette";true;true
"00558";"kit voor implantaat";"kit pour implant";true;true
"00296";"lav.";"lav.";true;true
"00297";"lav. Kind";"lav. Enfant";true;true
"00298";"lav. Volw.";"lav. Adulte";true;true
"00300";"lipocrème";"lipocrème";true;true
"00301";"lotion";"lotion";true;true
"00563";"lotion Crème Rinse";"lotion Crème Rinse";true;true
"00305";"nagellak";"vernis à ongles";true;true
"00651";"neusdruppels";"gttes (nasal)";true;true
"00199";"neusdruppels Kind";"gttes (nasal) Enfant";true;true
"00605";"neusdruppels Sine Conservans Baby";"gttes (nasal) Sine Conservans Bébé";true;true
"00200";"neusdruppels Volw.";"gttes (nasal) Adulte";true;true
"00536";"neusdruppels Zacht";"gttes (nasal) Doux";true;true
"00187";"neusspray";"spray (nasal)";true;true
"00781";"neusspray Aloe";"spray (nasal) Aloe";true;false
"00475";"neusspray Aqua";"spray (nasal) Aqua";true;true
"00189";"neusspray Eucalyptus";"spray (nasal) Eucalyptus";true;true
"00190";"neusspray Kind";"spray (nasal) Enfant";true;true
"00006";"neusspray Menthol";"spray (nasal) Menthol";true;true
"00620";"neusspray Sine Conservans";"spray (nasal) Sine Conservans";true;true
"00606";"neusspray Sine Conservans Kind";"spray (nasal) Sine Conservans Enfant";true;true
"00607";"neusspray Sine Conservans Volw.";"spray (nasal) Sine Conservans Adulte";true;true
"00191";"neusspray Volw.";"spray (nasal) Adulte";true;true
"00307";"neuszalf";"pommade nasale";true;true
"00613";"NordiPen 5 of 10";"NordiPen 5 ou 10";true;true
"00596";"NurtropinAq Pen";"NurtropinAq Pen";true;true
"00721";"Omnitrope Pen 5 of 10";"Omnitrope Pen 5 ou 10";true;false
"00309";"oog- en oordruppels";"gttes opht. et otique";true;true
"00310";"oog- en oorsusp.";"susp. opht. et otique";true;true
"00311";"oog- en oorzalf";"ong. opht. et otique";true;true
"00312";"oogdruppels";"collyre";true;true
"00617";"oogdruppels (vertraagde vrijst.) LA";"collyre (lib. prolongée) LA";true;true
"00570";"oogdruppels (vertraagde vrijst.) Ocumeter Plus";"collyre (lib. prolongée) Ocumeter Plus";true;true
"00313";"oogdruppels EDO éénmalig gebruik";"collyre EDO us. unique";true;true
"00316";"oogdruppels éénmalig gebruik";"collyre us. unique";true;true
"00314";"oogdruppels Forte";"collyre Forte";true;true
"00315";"oogdruppels Ocumeter Plus";"collyre Ocumeter Plus";true;true
"00317";"ooggel";"gel opht.";true;true
"00318";"ooggel éénmalig gebruik";"gel opht. us. unique";true;true
"00725";"ooginsert";"insert (ophtalm.)";true;false
"00320";"oogsusp.";"susp. opht.";true;true
"00322";"oogzalf";"ong. opht.";true;true
"00645";"oordruppels";"gttes (otique)";true;true
"00323";"oploss.";"sol.";true;true
"00325";"oploss. (alc.)";"sol. (alc.)";true;true
"00644";"oploss. (mond/keel en cutaan)";"sol. (bucco-pharyngé et cutané)";true;true
"00643";"oploss. (mond/keel)";"sol. (bucco-pharyngé)";true;true
"00485";"oploss. (mond/keel) Mondwater";"sol. (bucco-pharyngé) Buccale";true;true
"00328";"oploss. (oraal)";"sol. (oral)";true;true
"00621";"oploss. (oraal) éénmalig gebruik";"sol. (oral) us. unique";true;true
"00339";"oploss. (oraal) Kind zonder suiker";"sol. (oral) Enfant sans sucre";true;true
"00330";"oploss. (oraal) Pediatrie";"sol. (oral) Pédiatrie";true;true
"00463";"oploss. (oraal) Volw. zonder suiker";"sol. (oral) Adulte sans sucre";true;true
"00336";"oploss. (oraal) zonder suiker";"sol. (oral) sans sucre";true;true
"00683";"oploss. (oraal, mond/keel, cutaan)";"sol. (oral, bucco-pharyngé, cutané)";true;true
"00577";"oploss. (oraal, rectaal)";"sol. (oral, rectal)";true;true
"00342";"oploss. (spray)";"sol. (spray)";true;true
"00686";"oploss. (vag. en cutaan)";"sol. (vag. et cutané)";true;true
"00486";"oploss. (vag.) Gynecologie";"sol. (vag.) Gynécologie";true;true
"00341";"oploss. (vag.) Unigyn";"sol. (vag.) Unigyn";true;true
"00337";"oploss. Dermaal";"sol. Dermique";true;true
"00481";"oploss. Dermicum";"sol. Dermicum";true;true
"00633";"oploss. Once";"sol. Once";true;true
"00343";"oploss. voor verneveling";"sol. pour nébuliseur";true;true
"00345";"ovulen";"ovules";true;true
"00353";"pasta";"pâte";true;true
"00355";"pasta (oraal)";"pâte (oral)";true;true
"00587";"pasta Anijs";"pâte Anis";true;true
"00588";"pasta Munt";"pâte Menthe";true;true
"00287";"patroon Inhaler";"cartouche Inhaler";true;true
"00104";"patroon s.c.";"cartouche s.c.";true;true
"00105";"patroon s.c. Cartridge";"cartouche s.c. Cartridge";true;true
"00106";"patroon s.c. Penfill";"cartouche s.c. Penfill";true;true
"00102";"patroon SimpleXx s.c.";"cartouche SimpleXx s.c.";true;true
"00108";"patroon spuit s.c.";"cartouche ser. s.c.";true;true
"00608";"patroon spuit s.c. FlexPen";"cartouche ser. s.c. FlexPen";true;true
"00728";"patroon spuit s.c. Solostar";"cartouche ser. s.c. Solostar";true;false
"00572";"zak epiduraal";"sac péridural";true;true
"00359";"pleister";"emplâtre";true;true
"00360";"poeder";"poudre";true;true
"00642";"poeder (cutaan)";"poudre (cutané)";true;true
"00574";"poeder (oraal, rectaal)";"poudre (oral, rectal)";true;true
"00004";"poeder (rectaal) Colon";"poudre (rectal) Colon";true;true
"00364";"poeder (zakjes)";"poudre (sach.)";true;true
"00770";"poeder (zakjes) Chocoladesmaak";"poudre (sach.) Goût chocolat";true;false
"00772";"poeder (zakjes) Natuur";"poudre (sach.) Nature";true;false
"00769";"poeder (zakjes) Neutral";"poudre (sach.) Neutral";true;false
"00771";"poeder (zakjes) Sinaasappel";"poudre (sach.) Orange";true;false
"00369";"poeder Dry (zakjes)";"poudre Dry (sach.)";true;true
"00552";"poeder Junior (zakjes)";"poudre Junior (sach.)";true;true
"00615";"poeder (zakjes) Junior Neutral";"poudre (sach.) Junior Neutral";true;true
"00971";"gran. (zakjes, maagsapresist.)";"gran. (sach., gastro-résist.)";true;false
"00393";"poederspray";"spray poudre";true;true
"00465";"Puregon Pen";"Puregon Pen";true;true
"00491";"ring (vag.)";"anneau (vag.)";true;true
"00380";"schuim";"mousse";true;true
"00060";"schuim (rectaal) Foam";"mousse (rectal) Foam";true;true
"00381";"shampoo";"shampooing";true;true
"00382";"sir.";"sir.";true;true
"00383";"sir. (zakjes)";"sir. (sach.)";true;true
"00516";"sir. (zakjes) Fruit";"sir. (sach.) Fruit";true;true
"00592";"sir. zonder suiker";"sir. sans sucre";true;true
"00384";"sir. Baby";"sir. Baby";true;true
"00385";"sir. Junior";"sir. Junior";true;true
"00469";"sir. Kids";"sir. Kids";true;true
"00386";"sir. Kind";"sir. Enfant";true;true
"00389";"sir. Volw.";"sir. Adulte";true;true
"00780";"sir. Volw. Honing";"sir. Adulte Miel";true;false
"00517";"sir. Volw. zonder suiker";"sir. Adulte sans sucre";true;true
"00390";"spray";"spray";true;true
"00188";"spray (mond/keel en nasaal)";"spray (bucco-pharyngé et nasal)";true;true
"00110";"spray (mond/keel)";"spray (bucco-pharyngé)";true;true
"00061";"spray (subling.)";"spray (subling.)";true;true
"00394";"spuitamp.";"amp. ser.";true;true
"00496";"spuitamp. Autogel s.c.";"amp. ser. Autogel s.c.";true;true
"00402";"spuitamp. i.m.";"amp. ser. i.m.";true;true
"00404";"spuitamp. i.m. - i.v. - s.c.";"amp. ser. i.m. - i.v. - s.c.";true;true
"00405";"spuitamp. i.m. - in situ";"amp. ser. i.m. - in situ";true;true
"00406";"spuitamp. i.m. - in situ - rectaal";"amp. ser. i.m. - in situ - rectal";true;true
"00408";"spuitamp. i.m. - s.c.";"amp. ser. i.m. - s.c.";true;true
"00411";"spuitamp. i.m. éénmalig gebruik";"amp. ser. i.m. us. unique";true;true
"00541";"spuitamp. i.v.";"amp. ser. i.v.";true;true
"00412";"spuitamp. i.v. - inf.";"amp. ser. i.v. - perf.";true;true
"00413";"spuitamp. i.v. - s.c.";"amp. ser. i.v. - s.c.";true;true
"00415";"spuitamp. in situ";"amp. ser. in situ";true;true
"00416";"spuitamp. inf.";"amp. ser. perf.";true;true
"00498";"spuitamp. inf. - s.c.";"amp. ser. perf. - s.c.";true;true
"00583";"spuitamp. Junior i.m.";"amp. ser. Junior i.m.";true;true
"00397";"spuitamp. L.A. s.c.";"amp. ser. L.A. s.c.";true;true
"00417";"spuitamp. s.c.";"amp. ser. s.c.";true;true
"00419";"stift";"crayon";true;true
"00420";"supp.";"supp.";true;true
"00422";"supp. GE";"supp. GE";true;true
"00424";"supp. Kind";"supp. Enfant";true;true
"00426";"supp. Kind en Zuigel.";"supp. Enfant et Bébé";true;true
"00719";"supp. Kinderen";"supp. Enfants";true;false
"00427";"supp. Volw.";"supp. Adulte";true;true
"00429";"supp. Zuigel.";"supp. Bébé";true;true
"00430";"susp.";"susp.";true;true
"00433";"susp. (oraal) Scanner";"susp. Scanner (oral)";true;true
"00434";"susp. (zakjes)";"susp. (sach.)";true;true
"00436";"susp. Forte";"susp. Forte";true;true
"00573";"susp. Munt";"susp. Menthe";true;true
"00474";"susp. Nebules voor verneveling";"susp. Nebules pour nébuliseur";true;true
"00439";"tinctuur";"teinture";true;true
"00441";"transdermaal systeem";"système transdermique";true;true
"00495";"transdermaal systeem Clear";"système transdermique Clear";true;true
"00660";"transdermaal systeem Matrix";"système transdermique Matrix";true;true
"00443";"tulle";"tulle";true;true
"00444";"Turbohaler (poeder voor nasaal gebruik)";"Turbohaler (poudre pour usage nasal)";true;true
"00712";"verband";"pansement";true;false
"00453";"vette zalf";"pommade grasse";true;true
"00778";"wiek";"mèche";true;false
"00478";"zak";"sac";true;true
"00451";"zak inf.";"sac perf.";true;true
"00452";"zalf";"pommade";true;true
"00176";"zalf Soluble Dressing";"pommade Soluble Dressing";true;true
"00456";"zeep";"savon";true;true
"00483";"zeep Germicide";"savon Germicide";true;true
"00484";"zeep Uniwash";"savon Uniwash";true;true
"00457";"zuigcompr.";"compr. à sucer";true;true
"00458";"zuigcompr. (deelb.)";"compr. à sucer (séc.)";true;true
"00775";"zuigcompr. Cool Mint";"compr. à sucer Cool Mint";true;false
"00658";"zuigcompr. Lozenge";"compr. à sucer Lozenge";true;true
"00625";"zuigcompr. Mint";"compr. à sucer Mint";true;true
"00654";"zuigcompr. Pastille";"compr. à sucer Pastille";true;true
"00782";"zuigcompr. (mond/keel)";"compr. à sucer (bucco-pharyngé)";true;false
"00783";"crème (anorectaal)";"crème (anorectal)";true;false
"00784";"zalf (anorectaal)";"pommade (anorectal)";true;false
"00785";"medicinale spons";"éponge médicinale";true;false
"00804";"flacon i.v. - i.vesic.";"flacon i.v. - i.vésic.";true;false
"00805";"geïmpregneerd verband";"pansement imprégné";true;false
"00788";"zuigcompr. (mond/keel) Cassis";"compr. à sucer (bucco-pharyngé) Cassis";true;false
"00789";"zuigcompr. (mond/keel) Munt";"compr. à sucer (bucco-pharyngé) Menthe";true;false
"00790";"parels (mond/keel)";"perles (bucco-pharyngé)";true;false
"00791";"parels (mond/keel) Munt";"perles (bucco-pharyngé) Menthe";true;false
"00792";"zuigcompr. (mond/keel) Honing/Citroen";"compr. à sucer (bucco-pharyngé) Miel/Citron";true;false
"00793";"zuigcompr. (mond/keel) Suikervrij Aardbei";"compr. à sucer (bucco-pharyngé) Sans Sucre Fraise";true;false
"00794";"zuigcompr. (mond/keel) Suikervrij Citroen";"compr. à sucer (bucco-pharyngé) Sans Sucre Citron";true;false
"00795";"zuigcompr. (mond/keel) Coolmint";"compr. à sucer (bucco-pharyngé) Cool Mint";true;false
"00796";"zuigcompr. (mond/keel) Vit. C Sinaasappel";"compr. à sucer (bucco-pharyngé) Vit. C Orange";true;false
"00797";"zuigcompr. (mond/keel) Citroen";"compr. à sucer (bucco-pharyngé) Citron";true;false
"00798";"crème Antisepticum Lubrificans (vag.)";"crème Antisepticum Lubrificans (vag.)";true;false
"00799";"gel (urethraal)";"gel (urétral)";true;false
"00800";"gel (urethraal, spuit)";"gel (urétral, ser.)";true;false
"00801";"spray (mucosaal)";"spray (mucosal)";true;false
"00802";"gel (endocervicaal, spuit)";"gel (endocervical, ser.)";true;false
"00803";"compr. + bruisgran. (zakjes)";"compr. + gran. efferv. (sach.)";true;false
"00806";"zuigcompr. Minilozenge";"compr. à sucer Minilozenge";true;false
"00809";"pleister Patch";"emplâtre Patch";true;false
"00807";"oogdruppels Unit Dose éénmalig gebruik";"collyre Unit Dose us. unique";true;false
"00808";"compr. Fasttabs";"compr. Fasttabs";true;false
"00811";"compr. + caps.";"compr. + caps.";true;false
"00812";"patroon spuit s.c. Kwikpen";"cartouche ser. s.c. Kwikpen";true;false
"00814";"susp. (oraal)";"susp. (oral)";true;false
"00815";"patroon spuit s.c. SmartJect";"cartouche ser. s.c. SmartJect";true;false
"00818";"compr. Modutab (vertraagde vrijst.)";"compr. Modutab (lib. prolongée)";true;false
"00816";"amp. i.m. - i.v. - inf. - in situ";"amp. i.m. - i.v. - perf. - in situ";true;false
"00817";"amp. i.v. - locoregionale infiltr. - in situ - epiduraal";"amp. i.v. - infiltr. locorégionale - in situ - péridural";true;false
"00821";"doseergel (vag.)";"gel doseur (vag.)";true;false
"00820";"compr. (maagsapresist., vertraagde vrijst.)";"compr. (gastro-résist., lib. prolongée)";true;false
"00822";"spuitamp. i.derm.";"amp. ser. i.derm.";true;false
"00824";"hulpmiddel (vag.)";"système de diffusion (vag.)";true;false
"00825";"kauwgommen Cool Mint";"gommes à mâcher Cool Mint";true;false
"00827";"implantaat NXT s.c.";"implant NXT s.c.";true;false
"00834";"spray (mond/keel) Lemon";"spray (bucco-pharyngé) Lemon";true;false
"00829";"poeder (zakjes) Instant Aardbei/Vanille";"poudre (sach.) Instant Fraise/Vanille";true;false
"00830";"poeder (zakjes) Forte Instant";"poudre (sach.) Forte Instant";true;false
"00831";"poeder (zakjes) Instant Cappuccino";"poudre (sach.) Instant Cappuccino";true;false
"00832";"poeder (zakjes) Junior Instant";"poudre (sach.) Junior Instant";true;false
"00847";"compr. Low";"compr. Low";true;false
"00844";"compr. voor oploss. (deelb.)";"compr. pour sol. (séc.)";true;false
"00833";"flacon Onco-Tain i.m. - i.v. - inf. - i.thecaal - s.c.";"flacon Onco-Tain i.m. - i.v. - perf. - i.thécal - s.c.";true;false
"00837";"flacon Concentrate i.m. - i.v. - inf. - i.arter.";"flacon Concentrate i.m. - i.v. - perf. - i.artér.";true;false
"00843";"spuitamp. (autom. inject.)";"amp. ser. (inject. autom.)";true;false
"00842";"poeder voor oploss. (cutaan)";"poudre pour sol. (cutané)";true;false
"00839";"compr. voor oploss.";"compr. pour sol.";true;false
"00838";"flacon voor verneveling";"flacon pour nébulisation";true;false
"00826";"spuitamp. Daily s.c.";"amp. ser. Daily s.c.";true;false
"00835";"kauwcompr. Forte";"compr. Forte à croquer";true;false
"00841";"compr. Melt (orodisp., subling.)";"compr. Melt (orodisp., subling.)";true;false
"00836";"sir. Aardbei";"sir. Fraise";true;false
"00845";"flacon SR i.m.";"flacon SR i.m.";true;false
"00863";"amp. i.v. - s.c.";"amp. i.v. - s.c.";true;false
"00848";"film (orodisp.)";"film (orodisp.)";true;false
"00849";"zak locoregionale infiltr. - epiduraal";"sac infiltr. locorégionale - péridural";true;false
"00855";"spuitamp. s.c - i.m.";"amp. ser. s.c. - i.m.";true;false
"00851";"susp. Antizuur-Antireflux";"susp. Antiacide-Antireflux";true;false
"00852";"susp. Kinderen (oraal) zonder suiker";"susp. Enfants (oral) sans sucre";true;false
"00853";"susp. Rood Kinderen (oraal) zonder suiker";"susp. Rouge Enfants (oral) sans sucre";true;false
"00856";"kauwcompr. Antizuur-Antireflux";"compr. à croquer Antiacide-Antireflux";true;false
"00864";"poeder (zakjes) Fastpowder";"poudre (sach.) Fastpowder";true;false
"00867";"oploss. Alcoholicus + Azorubine (alc.)";"sol. Alcoholicus + Azorubine (alc.)";true;false
"00861";"sir. Honing";"sir. Miel";true;false
"00868";"oploss. Vloeibaar Sinaasappelsmaak";"sol. Liquide Goût orange";true;false
"00865";"zuigcompr. (mond/keel) Lemon";"compr. à sucer (bucco-pharyngé) Lemon";true;false
"00870";"oploss. Alcoholicus (alc.)";"sol. Alcoholicus (alc.)";true;false
"00857";"susp. Baby";"susp. Baby";true;false
"00860";"spuitamp. Junior i.m. éénmalig gebruik";"amp. ser. Junior i.m. us. unique";true;false
"00871";"oploss. (mond/keel) Buccaal";"sol. (bucco-pharyngé) Buccal";true;false
"00872";"oploss. Transdermaal (alc.)";"sol. Transdermique (alc.)";true;false
"00873";"oploss. Hydroalcoholische (alc.)";"sol. Hydroalcoolique (alc.)";true;false
"00866";"spray (alc.)";"spray (alc.)";true;false
"00874";"poeder (zakjes) Junior";"poudre (sach.) Junior";true;false
"00876";"inhalatiepoeder (patroon voor Novolizer)";"poudre à inhaler (cartouche pour Novolizer)";true;false
"00877";"doseeraerosol (Autohaler)";"aérosol doseur (Autohaler)";true;false
"00878";"inhalatiepoeder (Turbohaler)";"poudre à inhaler (Turbohaler)";true;false
"00879";"inhalatiepoeder (caps. voor Aerolizer)";"poudre à inhaler (caps. pour Aerolizer)";true;false
"00880";"inhalatiepoeder (caps. voor inhalator)";"poudre à inhaler (caps. pour inhalateur)";true;false
"00899";"inhalatiepoeder (Easyhaler)";"poudre à inhaler (Easyhaler)";true;false
"00881";"doseeraërosol (Evohaler)";"aérosol doseur (Evohaler)";true;false
"00882";"inhalatiepoeder (Diskus)";"poudre à inhaler (Diskus)";true;false
"00883";"inhalatiepoeder (caps. voor Handihaler)";"poudre à inhaler (caps. pour Handihaler)";true;false
"00884";"doseeraerosol (patroon voor Respimat)";"aérosol doseur (cartouche pour Respimat)";true;false
"00888";"compr. Disp. (disp.)";"compr. Disp. (disp.)";true;false
"00886";"doseeraerosol (Easi-Breathe)";"aérosol doseur (Easi-Breathe)";true;false
"00887";"inhalatiepoeder Forte (Turbohaler)";"poudre à inhaler Forte (Turbohaler)";true;false
"00898";"patroon spuit s.c. GoQuick";"cartouche ser. s.c. GoQuick";true;false
"00896";"zalf voor inhalatiedamp";"pommade pour inhalation de vapeurs";true;false
"00895";"vloeistof voor inhalatiedamp";"solution pour inhalation de vapeurs";true;false
"00901";"patroon spuit s.c. Nordiflex";"cartouche ser. s.c. Nordiflex";true;false
"00900";"film (oromuc.)";"film (buccogingiv.)";true;false
"00890";"oploss. Lotion";"sol. Lotion";true;false
"00891";"oploss. Topical";"sol. Topical";true;false
"00892";"susp. Wash";"susp. Wash";true;false
"00893";"emulsie Lotion";"émulsion Lotion";true;false
"00889";"compr. Disp. (disp., deelb.)";"compr. Disp. (disp., séc.)";true;false
"00894";"susp. Lotion";"susp. Lotion";true;false
"00905";"zuigcompr. (mond/keel) Menthol";"compr. à sucer (bucco-pharyngé) Menthol";true;false
"00902";"caps. Uno (vertraagde vrijst.)";"caps. Uno (lib. prolongée)";true;false
"00906";"spray (mond/keel) Menthol";"spray (bucco-pharyngé) Menthol";true;false
"00907";"schuim (rectaal)";"mousse (rectal)";true;false
"00917";"amp. Hyperbare locoregionale infiltr. - i.thecaal - epiduraal";"amp. Hyperbare infiltr. locorégionale - i.thécal - péridural";true;false
"00916";"lyofilisaat (oraal)";"lyophilisat (oral)";true;false
"00915";"implantaat i.vitreaal";"implant i.vitréen";true;false
"00914";"flacon i.v. - inf. - i.vesic.";"flacon i.v. - perf. - i.vésic.";true;false
"00913";"gran. (zakjes) Baby";"gran. (sach.) Baby";true;false
"00909";"zuigcompr. Freshmint";"compr. à sucer Freshmint";true;false
"00910";"kauwcompr. zonder suiker";"compr. à croquer sans sucre";true;false
"00911";"flacon i.v. - inf. - s.c.";"flacon i.v. - perf. - s.c.";true;false
"00912";"poeder (zakjes) Junior Aroma";"poudre (sach.) Junior Arome";true;false
"00908";"compr. Mups (maagsapresist.)";"compr. Mups (gastro-résist.)";true;false
"00918";"susp. voor verneveling 0,25 mg/ml";"susp. pour nébuliseur 0,25 mg/ml";true;false
"00920";"susp. voor verneveling 0,5 mg/ml";"susp. pour nébuliseur 0,5 mg/ml";true;false
"00921";"spuitamp. i.m. (depotpreparaat)";"amp. ser. i.m. (préparation dépôt)";true;false
"00923";"zuigcompr. Mint zonder suiker";"compr. à sucer Mint sans sucre";true;false
"00924";"spuitamp. Press s.c.";"amp. ser. Press s.c.";true;false
"00922";"flacon i.m. (depotpreparaat)";"flacon i.m. (préparation dépôt)";true;false
"00562";"flacon Consta i.m. (depotpreparaat)";"flacon Consta i.m. (préparation dépôt)";true;false
"00934";"compr. Bedtime";"compr. Bedtime";true;false
"00925";"flacon s.c. Kinderen";"flacon s.c. Pédiatrique";true;false
"00926";"sir. Menthol";"sir. Menthol";true;false
"00929";"flacon Junior i.m. - s.c.";"flacon Junior i.m. - s.c.";true;false
"00927";"sir. Honing &amp; Citroen";"sir. Miel &amp; Citron";true;false
"00930";"amp. i.m. - i.v. - oraal - s.c.";"amp. i.m. - i.v. - oral - s.c.";true;false
"00933";"spuitamp. Junior i.m. - s.c.";"amp. ser. Junior i.m. - s.c.";true;false
"00931";"spray Freshmint (buccaal)";"spray Freshmint (buccal)";true;false
"00928";"amp. i.m. - in situ";"amp. i.m. - in situ";true;false
"00932";"amp. i.m. - inf. - s.c.";"amp. i.m. - perf. - s.c.";true;false
"00935";"kruidenthee (zakjes)";"plante pour tisane (sach.)";true;false
"00936";"kruidenthee";"plante pour tisane";true;false
"00937";"patroon spuit SureClick s.c.";"cartouche ser. SureClick s.c.";true;false
"00938";"inhalatiepoeder (caps. voor Podhaler)";"poudre à inhaler (caps. pour Podhaler)";true;false
"00939";"patroon spuit i.m.";"cartouche ser. i.m.";true;false
"00940";"oploss. Getinte (alc.)";"sol. Coloré (alc.)";true;false
"00942";"compr. (oromuc.)";"compr. (buccogingiv.)";true;false
"00944";"inhalatiepoeder (caps. voor Turbospin)";"poudre à inhaler (caps. pour Turbospin)";true;false
"00945";"crème Lipid";"crème Lipid";true;false
"00946";"compr. Relax";"compr. Relax";true;false
"00947";"susp. (zakjes) Advance Munt";"susp. (sach.) Advance Menthe";true;false
"00948";"susp. (zakjes) Antizuur-Antireflux Unidose";"susp. (sach.) Antiacide-Antireflux Unidose";true;false
"00969";"spuitamp. i.periton.";"amp. ser. i.périton.";true;false
"00950";"amp. Forte (oraal)";"amp. Forte (oral)";true;false
"00955";"susp. (zakjes) zonder suiker";"susp. (sach.) sans sucre";true;false
"00952";"spuitamp. i.m. - i.v.";"amp. ser. i.m. - i.v.";true;false
"00951";"amp. inf. - oraal";"amp. perf. - oral";true;false
"00956";"flacon inf. - i.cistern.";"flacon perf. - i.cistern.";true;false
"00949";"gran. Simplex";"gran. Simplex";true;false
"00958";"flacon i.v. - i.arter. - s.c.";"flacon i.v. - i.artér. - s.c.";true;false
"00961";"oogsusp. S.";"susp. opht. S.";true;false
"00962";"oogsusp. éénmalig gebruik S.";"susp. opht. us. unique S.";true;false
"00959";"flacon i.m. - i.v. - inf. - s.c.";"flacon i.m. - i.v. - perf. - s.c.";true;false
"00957";"flacon i.m. - i.v. - inf. - i.periton.";"flacon i.m. - i.v. - perf. - i.périton.";true;false
"00960";"amp. i.v. - inf. - i.periton. - in situ";"amp. i.v. - perf. - i.périton. - in situ";true;false
"00953";"amp. i.m. - i.v. - inf. - oraal";"amp. i.m. - i.v. - perf. - oral";true;false
"00963";"flacon i.m. - i.v. - inf. - i.arter. - s.c. - in situ";"flacon i.m. - i.v. - perf. - i.artér. - s.c. - in situ";true;false
"00976";"lyofilisaat Zydis (oraal)";"lyophilisat Zydis (oral)";true;false
"00977";"SurePal Pen 5 of 10";"SurePal Pen 5 ou 10";true;false
"00965";"compr. Expidet (orodisp.)";"compr. Expidet (orodisp.)";true;false
"00964";"inhalatiepoeder (Nexthaler)";"poudre à inhaler (Nexthaler)";true;false
"00967";"compr. Tabs (deelb.)";"compr. Tabs (séc.)";true;false
"00966";"compr. Lysine";"compr. Lysine";true;false
"00973";"compr. + kauwcompr.";"compr. + compr. à croquer";true;false
"00975";"caps. XR (vertraagde vrijst.)";"caps. XR (lib. prolongée)";true;false
"00974";"inhalatiepoeder (Genuair)";"poudre à inhaler (Genuair)";true;false
"00978";"inhalatiepoeder (Ellipta)";"poudre à inhaler (Ellipta)";true;false
"00979";"spuitamp. Kit i.m.";"amp. Kit ser. i.m.";true;false
"00980";"flacon i.m. - i.v. - i.arter. - i.thecaal";"flacon i.m. - i.v. - i.artér. - i.thécal";true;false
"00983";"patroon s.c. (voor SurePal Pen)";"cartouche s.c. (pour SurePal Pen)";true;false
"00984";"patroon s.c. (voor Omnitrope Pen)";"cartouche s.c. (pour Omnitrope Pen)";true;false
"00982";"compr. Calcium";"compr. Calcium";true;false
"00985";"zuigcompr. Honing";"compr. à sucer Miel";true;false
"00981";"amp. Hyperbar i.thecaal";"amp. Hyperbar i.thécal";true;false
"00989";"crème (urethraal)";"crème (urétral)";true;false
"00986";"flacon i.m. - inf. - s.c.";"flacon i.m. - perf. - s.c.";true;false
"00987";"transdermaal systeem Invisi Patch";"système transdermique Invisi Patch";true;false
"00988";"flacon Maintena i.m. (depotpreparaat)";"flacon Maintena i.m. (préparation dépôt)";true;false
"00994";"sir. Eucalyptussmaak";"sir. Goût eucalyptus";true;false
"01008";"gran. (zakjes, maagsapresist., vertraagde vrijst.)";"gran. (sach., gastro-résist., lib. prolongée)";true;false
"00990";"zuigcompr. (mond/keel) Suikervrij";"compr. à sucer (bucco-pharyngé) Sans Sucre";true;false
"00991";"globulen";"globules";true;false
"00992";"flacon Kit s.c.";"flacon Kit s.c.";true;false
"00993";"gran. (zakjes) Instant Junior";"gran. (sach.) Instant Junior";true;false
"00995";"gran. (zakjes) Instant Cappuccino";"gran. (sach.) Instant Cappuccino";true;false
"00996";"gran. (zakjes) Instant Vanille/Aardbeien";"gran. (sach.) Instant Vanille/Fraise";true;false
"00997";"gran. (zakjes) Instant Forte";"gran. (sach.) Instant Forte";true;false
"00998";"zuigcompr. (mond/keel) Honing";"compr. à sucer (bucco-pharyngé) Miel";true;false
"01007";"spuitamp. Paediatric i.m. - s.c.";"amp. ser. Enfant i.m. - s.c.";true;false
"01009";"compr. + bruiscompr.";"compr. + compr. efferv.";true;false
"01001";"gel (gingiv./oromuc.)";"gel (gingiv./oromuq.)";true;false
"01002";"spray (gingiv./oromuc.)";"spray (gingiv./oromuq.)";true;false
"01003";"gel periodont.";"gel périodont.";true;false
"01004";"gel (gingiv./oromuc.) Kind";"gel (gingiv./oromuq.) Enfant";true;false
"01005";"gel (gingiv./oromuc.) Volwassene";"gel (gingiv./oromuq.) Adulte";true;false
"01006";"geïmpregneerde tampon (gingiv./oromuc.)";"tampon imprégné (gingiv./oromuq.)";true;false
"01000";"patroon tandheelk.";"cartouche dent.";true;false
