"IRCV";"Nirnm";"fIrNm";"PIP";"Amb";"Hosp"
"00302";"3DDD";"3DDD";false;true;true
"00003";"3M";"3M";false;true;true
"00316";"ACP";"ACP";false;true;true
"00007";"ALK";"ALK";false;true;true
"00008";"Abbott";"Abbott";false;true;true
"00361";"Actelion";"Actelion";false;true;true
"00011";"Alcon";"Alcon";false;true;false
"00013";"Allergan";"Allergan";false;true;true
"00016";"Amgen";"Amgen";false;true;true
"00333";"Arkopharma";"Arkopharma";false;true;true
"00338";"Astellas";"Astellas";false;true;true
"00019";"AstraZeneca";"AstraZeneca";false;true;true
"00023";"Baxter";"Baxter";false;true;true
"00024";"Bayer";"Bayer";false;true;true
"00027";"Beiersdorf";"Beiersdorf";false;true;true
"00285";"Besins";"Besins";false;true;true
"00036";"Biogen";"Biogen";false;true;true
"00313";"Biolitec Pharma";"Biolitec Pharma";false;true;true
"00283";"Biomet Merck";"Biomet Merck";false;true;true
"00038";"Boehringer Ingelheim";"Boehringer Ingelheim";false;true;true
"00363";"Bomedys";"Bomedys";false;true;true
"00049";"Bristol-Myers Squibb";"Bristol-Myers Squibb";false;true;true
"00051";"C.A.F. - D.C.F.";"C.A.F. - D.C.F.";false;true;true
"00376";"Celgene";"Celgene";false;true;true
"00328";"Clintec";"Clintec";false;true;true
"00373";"Coloplast";"Coloplast";false;true;true
"00065";"Conforma";"Conforma";false;true;true
"00066";"Continental Pharma";"Continental Pharma";false;true;true
"00366";"Convatec";"Convatec";false;true;true
"00076";"Denta";"Denta";false;true;false
"00085";"Econophar";"Econophar";false;true;true
"00087";"Eli Lilly";"Eli Lilly";false;true;true
"00089";"Erfa";"Erfa";false;true;true
"00092";"Eumedica";"Eumedica";false;true;true
"00324";"Eurocept";"Eurocept";false;true;true
"00096";"Eurogenerics";"Eurogenerics";false;true;true
"00097";"Eutherapie";"Eutherapie";false;true;true
"00103";"Ferring";"Ferring";false;true;true
"00372";"Flen Pharma";"Flen Pharma";false;true;true
"00410";"Fresenius Kabi";"Fresenius Kabi";false;true;false
"00354";"GE Healthcare";"GE Healthcare";false;true;true
"00108";"GSK";"GSK";false;true;true
"00109";"Gaba";"Gaba";false;true;true
"00110";"Galderma";"Galderma";false;true;true
"00111";"Genzyme";"Genzyme";false;true;true
"00329";"Gilbert";"Gilbert";false;true;true
"00250";"Grünenthal";"Grünenthal";false;true;true
"00368";"HRA Pharma";"HRA Pharma";false;true;true
"00370";"Hartmann";"Hartmann";false;true;true
"00353";"Hospira";"Hospira";false;true;true
"00118";"Hospithera";"Hospithera";false;true;true
"00364";"IPS";"IPS";false;true;true
"00307";"Impexeco";"Impexeco";true;true;true
"00123";"Ipsen";"Ipsen";false;true;true
"00124";"Janssen-Cilag";"Janssen-Cilag";false;true;true
"00262";"Kela";"Kela";false;true;true
"00323";"LCA";"LCA";false;true;true
"00131";"Labima";"Labima";false;true;true
"00132";"Lagepha";"Lagepha";false;true;true
"00133";"Lambo";"Lambo";false;true;false
"00347";"Lamepro";"Lamepro";false;true;true
"00134";"Leo";"Leo";false;true;true
"00138";"Lundbeck";"Lundbeck";false;true;true
"00139";"MSD";"MSD";false;true;true
"00141";"Madaus";"Madaus";false;true;true
"00374";"McNeil";"McNeil";false;true;true
"00357";"Meda Pharma";"Meda Pharma";false;true;true
"00143";"Medgenix";"Medgenix";false;true;true
"00144";"Melisana";"Melisana";false;true;true
"00145";"Menarini";"Menarini";false;true;true
"00146";"Merck";"Merck";false;true;true
"00264";"Mithra";"Mithra";false;true;true
"00322";"Mundipharma";"Mundipharma";false;true;true
"00149";"Mylan";"Mylan";false;true;false
"00348";"Mölnlycke";"Mölnlycke";false;true;true
"00320";"Negma";"Negma";false;true;true
"00375";"Neocare";"Neocare";false;true;true
"00151";"Norgine";"Norgine";false;true;true
"00293";"Novartis CH";"Novartis CH";false;true;true
"00290";"Novartis Pharma";"Novartis Pharma";false;true;true
"00153";"Novo Nordisk";"Novo Nordisk";false;true;true
"00296";"Novum Pharma";"Novum Pharma";false;true;true
"00156";"OJG";"OJG";false;true;true
"00158";"Octapharma";"Octapharma";false;true;true
"00159";"Omega";"Omega";false;true;true
"00163";"Orion";"Orion";false;true;false
"00164";"Ortho Diagnostics";"Ortho Diagnostics";false;true;true
"00165";"Pannoc Chemie";"Pannoc Chemie";false;true;true
"00168";"Pfizer";"Pfizer";false;true;true
"00169";"Pharma Logistics";"Pharma Logistics";false;true;true
"00343";"Pharma Nord";"Pharma Nord";false;true;true
"00173";"Pharmacobel";"Pharmacobel";false;true;true
"00282";"Pharmapartner";"Pharmapartner";true;true;true
"00175";"Pharmethic";"Pharmethic";false;true;true
"00176";"Pierre Fabre";"Pierre Fabre";false;true;true
"00336";"Pierre Fabre Medicament";"Pierre Fabre Medicament";false;true;true
"00335";"Pierre Fabre Sante";"Pierre Fabre Sante";false;true;true
"00456";"Vifor";"Vifor";false;true;false
"00340";"Pulsion";"Pulsion";false;true;true
"00182";"Purna";"Purna";false;true;true
"00183";"Qualiphar";"Qualiphar";false;true;true
"00317";"Reckitt Benckiser";"Reckitt Benckiser";false;true;true
"00189";"Roche";"Roche";false;true;true
"00194";"SMB";"SMB";false;true;true
"00294";"Sandoz";"Sandoz";false;true;true
"00198";"Sanico";"Sanico";false;true;true
"00314";"Sanofi Pasteur MSD";"Sanofi Pasteur MSD";false;true;true
"00341";"Sanofi-Aventis";"Sanofi-Aventis";false;true;true
"00206";"Serono";"Serono";false;true;true
"00207";"Servier";"Servier";false;true;true
"00295";"Socobom";"Socobom";false;true;true
"00213";"Stallergenes";"Stallergenes";false;true;true
"00215";"Sterop";"Sterop";false;true;true
"00220";"Teva";"Teva";false;true;true
"00221";"Thea";"Thea";false;true;true
"00222";"Therabel";"Therabel";false;true;true
"00379";"Tibotec";"Tibotec";false;true;true
"00223";"Tilman";"Tilman";false;true;true
"00226";"Tramedico";"Tramedico";false;true;true
"00227";"Trenker";"Trenker";false;true;true
"00228";"UCB";"UCB";false;true;true
"00281";"Urgo";"Urgo";false;true;true
"00231";"Ursapharm";"Ursapharm";false;true;true
"00232";"VSM";"VSM";false;true;true
"00349";"Vemedia";"Vemedia";false;true;true
"00235";"Vesale";"Vesale";false;true;true
"00241";"Widmer";"Widmer";false;true;true
"00242";"Will-Pharma";"Will-Pharma";false;true;true
"00247";"Zambon";"Zambon";false;true;true
"00385";"Septodont";"Septodont";false;true;true
"00403";"All-in 1";"All-in 1";false;true;true
"00409";"MPI";"MPI";false;true;false
"00408";"Actavis";"Actavis";false;true;true
"00407";"Limacom";"Limacom";false;true;false
"00413";"Shire";"Shire";false;true;false
"00414";"Pharma Mar";"Pharma Mar";false;true;false
"00418";"Apotex";"Apotex";false;true;false
"00415";"Orphan Europe";"Orphan Europe";false;true;false
"00416";"Swedish Orphan";"Swedish Orphan";false;true;false
"00417";"Cophana";"Cophana";false;true;false
"00419";"Almirall";"Almirall";false;true;false
"00420";"Nootens";"Nootens";false;true;false
"00423";"Gilead Sciences";"Gilead Sciences";false;true;false
"00421";"Covidien";"Covidien";false;true;false
"00424";"Prostrakan";"Prostrakan";false;true;false
"00425";"Medicines Company";"Medicines Company";false;true;false
"00426";"PI-Pharma";"PI-Pharma";true;true;false
"00427";"Fagron";"Fagron";false;true;false
"00428";"Bracco";"Bracco";false;true;false
"00429";"B. Braun";"B. Braun";false;true;false
"00431";"SIT";"SIT";false;true;false
"00433";"Omrix";"Omrix";false;true;false
"00436";"MPCA";"MPCA";false;true;false
"00435";"Medac";"Medac";false;true;false
"00457";"Alexion";"Alexion";false;true;false
"00458";"Filter Service";"Filter Service";false;true;false
"00439";"TiGenix";"TiGenix";false;true;false
"00440";"Aspen";"Aspen";false;true;false
"00441";"Biocodex";"Biocodex";false;true;false
"00459";"Dr. Falk";"Dr. Falk";false;true;false
"00444";"CSL Behring";"CSL Behring";false;true;false
"00437";"Johnson &amp; Johnson Consumer";"Johnson &amp; Johnson Consumer";false;true;false
"00179";"Procter &amp; Gamble";"Procter &amp; Gamble";false;true;false
"00447";"Takeda";"Takeda";false;true;false
"00448";"Eusa Pharma";"Eusa Pharma";false;true;false
"00449";"Clinigen";"Clinigen";false;true;false
"00450";"ViiV";"ViiV";false;true;false
"00331";"Lohmann &amp; Rauscher";"Lohmann &amp; Rauscher";false;true;false
"00451";"Smith &amp; Nephew";"Smith &amp; Nephew";false;true;false
"00452";"Laboratoire Bailleul-Biorga";"Laboratoire Bailleul-Biorga";false;true;false
"00438";"Johnson &amp; Johnson Medical";"Johnson &amp; Johnson Medical";false;true;false
"00454";"CSP Benelux";"CSP Benelux";false;true;false
"00477";"I.D. Phar";"I.D. Phar";false;true;false
"00474";"Biovitrum";"Biovitrum";false;true;false
"00471";"Accord";"Accord";false;true;false
"00472";"Effik";"Effik";false;true;false
"00473";"ACRAF";"ACRAF";false;true;false
"00470";"Heel";"Heel";false;true;false
"00466";"Fresenius Biotech";"Fresenius Biotech";false;true;false
"00467";"Juvise";"Juvise";false;true;false
"00468";"Guerbet";"Guerbet";false;true;false
"00465";"Lipomed";"Lipomed";false;true;false
"00464";"Medtronic Biopharma";"Medtronic Biopharma";false;true;false
"00463";"Chiesi";"Chiesi";false;true;false
"00460";"Fresenius Medical Care";"Fresenius Medical Care";false;true;false
"00461";"Merz";"Merz";false;true;false
"00462";"Aguettant";"Aguettant";false;true;false
"00475";"TMC Pharma";"TMC Pharma";false;true;false
"00478";"Maco Pharma";"Maco Pharma";false;true;false
"00480";"AbbVie";"AbbVie";false;true;false
"00479";"InterMune";"InterMune";false;true;false
"00481";"Gedeon Richter";"Gedeon Richter";false;true;false
"00483";"Alkopharm";"Alkopharm";false;true;false
"00482";"Sanquin";"Sanquin";false;true;false
"00484";"Nordic Pharma";"Nordic Pharma";false;true;false
"00485";"Forest Laboratories";"Forest Laboratories";false;true;false
"00486";"Merus Labs Luxco";"Merus Labs Luxco";false;true;false
"00487";"Bausch &amp; Lomb";"Bausch &amp; Lomb";false;true;false
"00489";"Warner Chilcott";"Warner Chilcott";false;true;false
"00490";"Viropharma";"Viropharma";false;true;false
"00491";"Boiron";"Boiron";false;true;false
"00493";"Amdipharm";"Amdipharm";false;true;false
"00494";"Cheplapharm";"Cheplapharm";false;true;false
"00492";"Infarama";"Infarama";false;true;false
"00496";"AOP";"AOP";false;true;false
"00495";"PharmaSwiss";"PharmaSwiss";false;true;false
"00500";"Goodlife";"Goodlife";false;true;false
"00499";"Laboratoire Bailleul";"Laboratoire Bailleul";false;true;false
"00498";"Vertex";"Vertex";false;true;false
"00497";"Eisai";"Eisai";false;true;false
"00501";"Biohorma";"Biohorma";false;true;false
"10000";"Sanofi Belgium";"Sanofi Belgium";false;true;false
"10001";"ABC Chemicals";"ABC Chemicals";false;true;false
"10002";"Septinta";"Septinta";false;true;false
"10003";"MediWound";"MediWound";false;true;false
"10004";"Agfa HealthCare";"Agfa HealthCare";false;true;false
"00504";"Aptalis";"Aptalis";false;true;false
"00505";"Daiichi Sankyo";"Daiichi Sankyo";false;true;false
"00503";"Bepharbel";"Bepharbel";false;true;false
"00502";"Vedefar";"Vedefar";false;true;false
"10005";"Contrel";"Contrel";false;true;false
"00506";"Cipla";"Cipla";false;true;false
"00507";"Nuron";"Nuron";false;true;false
"00508";"Finox";"Finox";false;true;false
